{
    "chat_id": 15112214593,
    "config": {
        "expiryTime": 120,
        "threshold": 4
    },
    "messages": [
        {
            "poll_id": 44123,
            "poll_message_id": 23523231,
            "offending_message_id": 35235231,
            "started_at": 1634913754.0870788,
            "job_id": "2ecb00df-c653-4254-a0c9-b1e7b6f2f079"
        },
        {
            "poll_id": 51325,
            "poll_message_id": 2122389,
            "offending_message_id": 54561313,
            "started_at": 1634913754.0870788,
            "job_id": "c78ed2c6-3c6d-4ea9-b132-dfcc784563c1"
        }
    ]
}